Question,Answer
Should I eat breakfast before or after exercising?,"Consuming breakfast prior to exercise depends on individual goals and the type of workout. For endurance activities, a light meal 1-3 hours beforehand can provide essential carbohydrates and energy to optimize performance. However, exercising in a fasted state may be suitable for those targeting fat loss or engaging in low-intensity activities. It is imperative to consider personal digestion and energy needs when making this decision."
What are some healthy snacks I can eat during the day to maintain energy?,"Hey! When you’re feeling snacky, go for something simple like a handful of almonds, a boiled egg, or apple slices with peanut butter. They’re easy, satisfying, and won’t leave you feeling sluggish. It’s all about balance, right?"
Is it okay to have coffee or tea before a workout?,"The consumption of coffee or tea prior to physical activity has been shown to enhance cognitive and physical performance due to the stimulatory effects of caffeine. To avoid adverse effects such as jitteriness or dehydration, it is recommended to limit intake to one or two cups approximately 30 minutes before exercising. Additives like sugar and cream should be minimized to maintain nutritional integrity."
I don’t like drinking plain water. What are some good alternatives?,"Not into plain water? Totally get it. Try adding a splash of lemon or a few mint leaves to make it more exciting. Herbal teas (hot or cold) can also mix things up. Honestly, the key is just finding something you like that keeps you hydrated."
Can I replace water with sports drinks during exercise?,"Sports drinks, while beneficial for endurance activities exceeding 60 minutes, are generally unnecessary for shorter or moderate-intensity exercise. Their primary role is to replenish electrolytes and provide readily available carbohydrates, which may only be essential under conditions of extended physical exertion or high heat."
I’m 40 and have never exercised before. Where should I start?,"Hey, starting at 40? That’s awesome—you’re never too old to get moving! Start small with something like walking or swimming and add in gentle exercises like bodyweight squats or push-ups against a wall. You’ll be surprised how quickly your body adapts when you give it the chance."
How many times a week should I do strength training?,"Strength training should be performed two to three times per week on non-consecutive days to allow adequate muscle recovery and adaptation. Each session should target major muscle groups, employing progressive overload to improve strength and endurance over time. Repetition ranges and intensity should align with individual goals, whether for general fitness, hypertrophy, or functional strength. Adhering to correct form is crucial to avoid injury, particularly for beginners. Rest intervals between sets typically range from 30 seconds to two minutes, depending on the exercise's intensity and purpose. For older adults or those with medical conditions, guidance from a qualified fitness professional may optimize outcomes and ensure safety."
How does intermittent fasting work? How do I know if it will work for me?,"Intermittent fasting is pretty straightforward: you eat during certain hours and fast the rest of the time. For example, you might eat between noon and 8 PM and skip breakfast. Some people swear by it, but it’s not a one-size-fits-all. Listen to your body—it’ll tell you if this is a good fit or not."
How do I stay motivated to work out consistently?,"Maintaining consistent workout motivation requires establishing clear, attainable objectives and monitoring progress. Engaging in diverse activities or group exercises can prevent monotony, while the use of fitness apps or wearable devices may provide additional accountability. Recognizing and celebrating achievements, even minor ones, reinforces commitment and fosters a positive relationship with fitness."
How long should I rest between workout sessions?,"How long to rest? If you’ve done something intense, like heavy weightlifting, give yourself a day or two before working those muscles again. But if it’s something lighter, like yoga or a short walk, you can go right back to it the next day. Pay attention to how you feel—that’s your best guide."
Can I build muscle without going to the gym and doing weights?,"Muscle development without access to gym equipment is feasible through bodyweight exercises, such as push-ups, pull-ups, and squats. Incorporating resistance bands or weighted household items can further challenge muscles, stimulating growth and adaptation. Consistency and progressive overload remain the cornerstone principles for achieving hypertrophy or strength gains in a home setting."
How can I exercise at home if I can’t go to the gym?,"Can’t make it to the gym? No big deal. Bodyweight exercises like planks, squats, or even just using a sturdy chair for dips can get the job done. The key is just starting, even if it’s a little awkward at first—you’ll get the hang of it!"
"When should I take my medication, before or after a workout?",I cannot provide specific guidance on medication timing in relation to exercise. It is strongly recommended to consult your prescribing physician or pharmacist to determine the most appropriate timing for medication based on your health status and workout schedule.
